--
-- PostgreSQL database dump
--

-- Dumped from database version 14.6 (Ubuntu 14.6-0ubuntu0.22.04.1)
-- Dumped by pg_dump version 14.6 (Ubuntu 14.6-0ubuntu0.22.04.1)

SET statement_timeout = 0;
SET lock_timeout = 0;
SET idle_in_transaction_session_timeout = 0;
SET client_encoding = 'UTF8';
SET standard_conforming_strings = on;
SELECT pg_catalog.set_config('search_path', '', false);
SET check_function_bodies = false;
SET xmloption = content;
SET client_min_messages = warning;
SET row_security = off;

SET default_tablespace = '';

SET default_table_access_method = heap;

--
-- Name: auth_group; Type: TABLE; Schema: public; Owner: dream71
--

CREATE TABLE public.auth_group (
    id integer NOT NULL,
    name character varying(150) NOT NULL
);


ALTER TABLE public.auth_group OWNER TO dream71;

--
-- Name: auth_group_id_seq; Type: SEQUENCE; Schema: public; Owner: dream71
--

ALTER TABLE public.auth_group ALTER COLUMN id ADD GENERATED BY DEFAULT AS IDENTITY (
    SEQUENCE NAME public.auth_group_id_seq
    START WITH 1
    INCREMENT BY 1
    NO MINVALUE
    NO MAXVALUE
    CACHE 1
);


--
-- Name: auth_group_permissions; Type: TABLE; Schema: public; Owner: dream71
--

CREATE TABLE public.auth_group_permissions (
    id bigint NOT NULL,
    group_id integer NOT NULL,
    permission_id integer NOT NULL
);


ALTER TABLE public.auth_group_permissions OWNER TO dream71;

--
-- Name: auth_group_permissions_id_seq; Type: SEQUENCE; Schema: public; Owner: dream71
--

ALTER TABLE public.auth_group_permissions ALTER COLUMN id ADD GENERATED BY DEFAULT AS IDENTITY (
    SEQUENCE NAME public.auth_group_permissions_id_seq
    START WITH 1
    INCREMENT BY 1
    NO MINVALUE
    NO MAXVALUE
    CACHE 1
);


--
-- Name: auth_permission; Type: TABLE; Schema: public; Owner: dream71
--

CREATE TABLE public.auth_permission (
    id integer NOT NULL,
    name character varying(255) NOT NULL,
    content_type_id integer NOT NULL,
    codename character varying(100) NOT NULL
);


ALTER TABLE public.auth_permission OWNER TO dream71;

--
-- Name: auth_permission_id_seq; Type: SEQUENCE; Schema: public; Owner: dream71
--

ALTER TABLE public.auth_permission ALTER COLUMN id ADD GENERATED BY DEFAULT AS IDENTITY (
    SEQUENCE NAME public.auth_permission_id_seq
    START WITH 1
    INCREMENT BY 1
    NO MINVALUE
    NO MAXVALUE
    CACHE 1
);


--
-- Name: django_admin_log; Type: TABLE; Schema: public; Owner: dream71
--

CREATE TABLE public.django_admin_log (
    id integer NOT NULL,
    action_time timestamp with time zone NOT NULL,
    object_id text,
    object_repr character varying(200) NOT NULL,
    action_flag smallint NOT NULL,
    change_message text NOT NULL,
    content_type_id integer,
    user_id uuid NOT NULL,
    CONSTRAINT django_admin_log_action_flag_check CHECK ((action_flag >= 0))
);


ALTER TABLE public.django_admin_log OWNER TO dream71;

--
-- Name: django_admin_log_id_seq; Type: SEQUENCE; Schema: public; Owner: dream71
--

ALTER TABLE public.django_admin_log ALTER COLUMN id ADD GENERATED BY DEFAULT AS IDENTITY (
    SEQUENCE NAME public.django_admin_log_id_seq
    START WITH 1
    INCREMENT BY 1
    NO MINVALUE
    NO MAXVALUE
    CACHE 1
);


--
-- Name: django_content_type; Type: TABLE; Schema: public; Owner: dream71
--

CREATE TABLE public.django_content_type (
    id integer NOT NULL,
    app_label character varying(100) NOT NULL,
    model character varying(100) NOT NULL
);


ALTER TABLE public.django_content_type OWNER TO dream71;

--
-- Name: django_content_type_id_seq; Type: SEQUENCE; Schema: public; Owner: dream71
--

ALTER TABLE public.django_content_type ALTER COLUMN id ADD GENERATED BY DEFAULT AS IDENTITY (
    SEQUENCE NAME public.django_content_type_id_seq
    START WITH 1
    INCREMENT BY 1
    NO MINVALUE
    NO MAXVALUE
    CACHE 1
);


--
-- Name: django_migrations; Type: TABLE; Schema: public; Owner: dream71
--

CREATE TABLE public.django_migrations (
    id bigint NOT NULL,
    app character varying(255) NOT NULL,
    name character varying(255) NOT NULL,
    applied timestamp with time zone NOT NULL
);


ALTER TABLE public.django_migrations OWNER TO dream71;

--
-- Name: django_migrations_id_seq; Type: SEQUENCE; Schema: public; Owner: dream71
--

ALTER TABLE public.django_migrations ALTER COLUMN id ADD GENERATED BY DEFAULT AS IDENTITY (
    SEQUENCE NAME public.django_migrations_id_seq
    START WITH 1
    INCREMENT BY 1
    NO MINVALUE
    NO MAXVALUE
    CACHE 1
);


--
-- Name: django_session; Type: TABLE; Schema: public; Owner: dream71
--

CREATE TABLE public.django_session (
    session_key character varying(40) NOT NULL,
    session_data text NOT NULL,
    expire_date timestamp with time zone NOT NULL
);


ALTER TABLE public.django_session OWNER TO dream71;

--
-- Name: users_ilkmsuser; Type: TABLE; Schema: public; Owner: dream71
--

CREATE TABLE public.users_ilkmsuser (
    password character varying(128) NOT NULL,
    last_login timestamp with time zone,
    is_superuser boolean NOT NULL,
    id uuid NOT NULL,
    email character varying(254) NOT NULL,
    full_name character varying(100),
    phone_number character varying(128),
    is_staff boolean NOT NULL,
    is_active boolean NOT NULL,
    date_joined timestamp with time zone NOT NULL,
    national_id character varying(17),
    date_of_birth date,
    address character varying(500)
);


ALTER TABLE public.users_ilkmsuser OWNER TO dream71;

--
-- Name: users_ilkmsuser_groups; Type: TABLE; Schema: public; Owner: dream71
--

CREATE TABLE public.users_ilkmsuser_groups (
    id bigint NOT NULL,
    ilkmsuser_id uuid NOT NULL,
    group_id integer NOT NULL
);


ALTER TABLE public.users_ilkmsuser_groups OWNER TO dream71;

--
-- Name: users_ilkmsuser_groups_id_seq; Type: SEQUENCE; Schema: public; Owner: dream71
--

ALTER TABLE public.users_ilkmsuser_groups ALTER COLUMN id ADD GENERATED BY DEFAULT AS IDENTITY (
    SEQUENCE NAME public.users_ilkmsuser_groups_id_seq
    START WITH 1
    INCREMENT BY 1
    NO MINVALUE
    NO MAXVALUE
    CACHE 1
);


--
-- Name: users_ilkmsuser_user_permissions; Type: TABLE; Schema: public; Owner: dream71
--

CREATE TABLE public.users_ilkmsuser_user_permissions (
    id bigint NOT NULL,
    ilkmsuser_id uuid NOT NULL,
    permission_id integer NOT NULL
);


ALTER TABLE public.users_ilkmsuser_user_permissions OWNER TO dream71;

--
-- Name: users_ilkmsuser_user_permissions_id_seq; Type: SEQUENCE; Schema: public; Owner: dream71
--

ALTER TABLE public.users_ilkmsuser_user_permissions ALTER COLUMN id ADD GENERATED BY DEFAULT AS IDENTITY (
    SEQUENCE NAME public.users_ilkmsuser_user_permissions_id_seq
    START WITH 1
    INCREMENT BY 1
    NO MINVALUE
    NO MAXVALUE
    CACHE 1
);


--
-- Data for Name: auth_group; Type: TABLE DATA; Schema: public; Owner: dream71
--

COPY public.auth_group (id, name) FROM stdin;
\.


--
-- Data for Name: auth_group_permissions; Type: TABLE DATA; Schema: public; Owner: dream71
--

COPY public.auth_group_permissions (id, group_id, permission_id) FROM stdin;
\.


--
-- Data for Name: auth_permission; Type: TABLE DATA; Schema: public; Owner: dream71
--

COPY public.auth_permission (id, name, content_type_id, codename) FROM stdin;
1	Can add log entry	1	add_logentry
2	Can change log entry	1	change_logentry
3	Can delete log entry	1	delete_logentry
4	Can view log entry	1	view_logentry
5	Can add permission	2	add_permission
6	Can change permission	2	change_permission
7	Can delete permission	2	delete_permission
8	Can view permission	2	view_permission
9	Can add group	3	add_group
10	Can change group	3	change_group
11	Can delete group	3	delete_group
12	Can view group	3	view_group
13	Can add content type	4	add_contenttype
14	Can change content type	4	change_contenttype
15	Can delete content type	4	delete_contenttype
16	Can view content type	4	view_contenttype
17	Can add session	5	add_session
18	Can change session	5	change_session
19	Can delete session	5	delete_session
20	Can view session	5	view_session
21	Can add i lkms user	6	add_ilkmsuser
22	Can change i lkms user	6	change_ilkmsuser
23	Can delete i lkms user	6	delete_ilkmsuser
24	Can view i lkms user	6	view_ilkmsuser
\.


--
-- Data for Name: django_admin_log; Type: TABLE DATA; Schema: public; Owner: dream71
--

COPY public.django_admin_log (id, action_time, object_id, object_repr, action_flag, change_message, content_type_id, user_id) FROM stdin;
1	2023-03-05 13:49:46.117653+06	8adb75f0-bfac-4f2b-a287-bf8583b4964c	rejaul.islam.roky@gmail.com	1	[{"added": {}}]	6	8fe856c2-bdae-4e6b-9d8b-20fb8e3ae1cc
2	2023-03-05 13:52:49.391683+06	8adb75f0-bfac-4f2b-a287-bf8583b4964c	rejaul.islam.roky@gmail.com	2	[{"changed": {"fields": ["Is staff"]}}]	6	8fe856c2-bdae-4e6b-9d8b-20fb8e3ae1cc
3	2023-03-05 13:53:32.67388+06	8adb75f0-bfac-4f2b-a287-bf8583b4964c	rejaul.islam.roky@gmail.com	2	[{"changed": {"fields": ["Superuser status"]}}]	6	8fe856c2-bdae-4e6b-9d8b-20fb8e3ae1cc
4	2023-03-05 14:06:49.054871+06	8adb75f0-bfac-4f2b-a287-bf8583b4964c	rejaul.islam.roky@gmail.com	3		6	8fe856c2-bdae-4e6b-9d8b-20fb8e3ae1cc
5	2023-03-05 15:16:37.32029+06	8fe856c2-bdae-4e6b-9d8b-20fb8e3ae1cc	roky@dream71.com	2	[{"changed": {"fields": ["Full Name", "Phone Number"]}}]	6	8fe856c2-bdae-4e6b-9d8b-20fb8e3ae1cc
6	2023-03-05 15:25:00.289147+06	8fe856c2-bdae-4e6b-9d8b-20fb8e3ae1cc	roky@dream71.com	2	[{"changed": {"fields": ["Phone Number"]}}]	6	8fe856c2-bdae-4e6b-9d8b-20fb8e3ae1cc
7	2023-03-05 15:27:28.004308+06	8fe856c2-bdae-4e6b-9d8b-20fb8e3ae1cc	roky@dream71.com	2	[{"changed": {"fields": ["Phone Number"]}}]	6	8fe856c2-bdae-4e6b-9d8b-20fb8e3ae1cc
8	2023-03-05 16:03:11.26056+06	8fe856c2-bdae-4e6b-9d8b-20fb8e3ae1cc	8fe856c2-bdae-4e6b-9d8b-20fb8e3ae1cc	2	[]	6	8fe856c2-bdae-4e6b-9d8b-20fb8e3ae1cc
9	2023-03-05 17:22:03.559614+06	ccb18751-9138-4466-8628-1aaf38e4da57	ccb18751-9138-4466-8628-1aaf38e4da57	1	[{"added": {}}]	6	8fe856c2-bdae-4e6b-9d8b-20fb8e3ae1cc
\.


--
-- Data for Name: django_content_type; Type: TABLE DATA; Schema: public; Owner: dream71
--

COPY public.django_content_type (id, app_label, model) FROM stdin;
1	admin	logentry
2	auth	permission
3	auth	group
4	contenttypes	contenttype
5	sessions	session
6	users	ilkmsuser
\.


--
-- Data for Name: django_migrations; Type: TABLE DATA; Schema: public; Owner: dream71
--

COPY public.django_migrations (id, app, name, applied) FROM stdin;
1	contenttypes	0001_initial	2023-03-05 13:21:50.54516+06
2	contenttypes	0002_remove_content_type_name	2023-03-05 13:21:50.555458+06
3	auth	0001_initial	2023-03-05 13:21:50.625583+06
4	auth	0002_alter_permission_name_max_length	2023-03-05 13:21:50.632026+06
5	auth	0003_alter_user_email_max_length	2023-03-05 13:21:50.639336+06
6	auth	0004_alter_user_username_opts	2023-03-05 13:21:50.646235+06
7	auth	0005_alter_user_last_login_null	2023-03-05 13:21:50.654302+06
8	auth	0006_require_contenttypes_0002	2023-03-05 13:21:50.659475+06
9	auth	0007_alter_validators_add_error_messages	2023-03-05 13:21:50.667707+06
10	auth	0008_alter_user_username_max_length	2023-03-05 13:21:50.674623+06
11	auth	0009_alter_user_last_name_max_length	2023-03-05 13:21:50.680849+06
12	auth	0010_alter_group_name_max_length	2023-03-05 13:21:50.687473+06
13	auth	0011_update_proxy_permissions	2023-03-05 13:21:50.694385+06
14	auth	0012_alter_user_first_name_max_length	2023-03-05 13:21:50.701287+06
15	users	0001_initial	2023-03-05 13:21:50.775335+06
16	admin	0001_initial	2023-03-05 13:21:50.80816+06
17	admin	0002_logentry_remove_auto_add	2023-03-05 13:21:50.818424+06
18	admin	0003_logentry_add_action_flag_choices	2023-03-05 13:21:50.826008+06
19	sessions	0001_initial	2023-03-05 13:21:50.854358+06
20	users	0002_alter_ilkmsuser_phone_number	2023-03-05 15:20:07.269428+06
21	users	0003_alter_ilkmsuser_phone_number	2023-03-05 15:26:45.649729+06
22	users	0004_alter_ilkmsuser_id	2023-03-05 15:30:25.640056+06
23	users	0005_alter_ilkmsuser_id	2023-03-05 15:31:46.110272+06
24	users	0006_ilkmsuser_birth_of_date_ilkmsuser_national_id	2023-03-05 15:46:39.258958+06
25	users	0007_remove_ilkmsuser_birth_of_date_and_more	2023-03-05 15:53:55.281918+06
26	users	0008_alter_ilkmsuser_date_of_birth	2023-03-05 15:55:27.773941+06
27	users	0009_ilkmsuser_address	2023-03-05 16:02:48.297952+06
\.


--
-- Data for Name: django_session; Type: TABLE DATA; Schema: public; Owner: dream71
--

COPY public.django_session (session_key, session_data, expire_date) FROM stdin;
xuiebug2y8zpmhoidhl17c7npaxzim1z	.eJxVjDkOgzAQRe_iOkbY4LEnZfqcAXkWhywCiaWKcveARJE0v3nv_bfp8rr03Trr1N3FnE0qmgKwtyRZbatAFiWR9XWhpE1Wx2xOvxllfuqwt_LIw22seByW6U7VrlQHnavrKPq6HO7fQZ_nfqtVAH2LQVgKOcBmmyjOOWy5BvABvKAE9DEHDKisLkuBgFRiSBHN5wumW0HY:1pYkmK:QqI2P4OzEAVSuwjlsqniqrUSFI6XJDQz4_MK52_Ddt8	2023-03-19 15:35:40.444882+06
\.


--
-- Data for Name: users_ilkmsuser; Type: TABLE DATA; Schema: public; Owner: dream71
--

COPY public.users_ilkmsuser (password, last_login, is_superuser, id, email, full_name, phone_number, is_staff, is_active, date_joined, national_id, date_of_birth, address) FROM stdin;
pbkdf2_sha256$390000$l9LKX0aRIqbyKi2fYxXDTk$sSIBUHhllxkRTKhQihfQGmvv6xPMsdsLpeLlnwYHXsY=	2023-03-05 15:35:40.441451+06	t	8fe856c2-bdae-4e6b-9d8b-20fb8e3ae1cc	roky@dream71.com	Rejaul Islam Roky	+8801841558818	t	t	2023-03-05 13:48:29.790708+06	\N	\N	\N
pbkdf2_sha256$390000$ioCsZE4QMzTS7bkQovIsji$uVK2aQpEbFa5SFgFm11PTZUlW9m8QCBUZ2U5frK/NGQ=	\N	f	ccb18751-9138-4466-8628-1aaf38e4da57	rejaul.islam.roky@gmail.com	S.M Rejaul Islam Roky	+8801841558816	f	t	2023-03-05 17:22:03.301643+06	1234	2023-03-05	251/252, Block-C, Road-18, Section-06, Mirpur.
pbkdf2_sha256$390000$TvmG3Qri5uBH4lugzFt4aI$86HsnxOwbF/Nesm52dRO03Gb7zOtUOrGhKtymjFbGX0=	\N	f	256a584b-1c7a-4e7d-94a4-c3e82341440d	rejaul.islam.333roky@gmail.com	S.M Rejaul Islam Roky	+8801841558813	f	t	2023-03-05 18:06:43.844801+06	\N	\N	\N
\.


--
-- Data for Name: users_ilkmsuser_groups; Type: TABLE DATA; Schema: public; Owner: dream71
--

COPY public.users_ilkmsuser_groups (id, ilkmsuser_id, group_id) FROM stdin;
\.


--
-- Data for Name: users_ilkmsuser_user_permissions; Type: TABLE DATA; Schema: public; Owner: dream71
--

COPY public.users_ilkmsuser_user_permissions (id, ilkmsuser_id, permission_id) FROM stdin;
\.


--
-- Name: auth_group_id_seq; Type: SEQUENCE SET; Schema: public; Owner: dream71
--

SELECT pg_catalog.setval('public.auth_group_id_seq', 1, false);


--
-- Name: auth_group_permissions_id_seq; Type: SEQUENCE SET; Schema: public; Owner: dream71
--

SELECT pg_catalog.setval('public.auth_group_permissions_id_seq', 1, false);


--
-- Name: auth_permission_id_seq; Type: SEQUENCE SET; Schema: public; Owner: dream71
--

SELECT pg_catalog.setval('public.auth_permission_id_seq', 24, true);


--
-- Name: django_admin_log_id_seq; Type: SEQUENCE SET; Schema: public; Owner: dream71
--

SELECT pg_catalog.setval('public.django_admin_log_id_seq', 9, true);


--
-- Name: django_content_type_id_seq; Type: SEQUENCE SET; Schema: public; Owner: dream71
--

SELECT pg_catalog.setval('public.django_content_type_id_seq', 6, true);


--
-- Name: django_migrations_id_seq; Type: SEQUENCE SET; Schema: public; Owner: dream71
--

SELECT pg_catalog.setval('public.django_migrations_id_seq', 27, true);


--
-- Name: users_ilkmsuser_groups_id_seq; Type: SEQUENCE SET; Schema: public; Owner: dream71
--

SELECT pg_catalog.setval('public.users_ilkmsuser_groups_id_seq', 1, false);


--
-- Name: users_ilkmsuser_user_permissions_id_seq; Type: SEQUENCE SET; Schema: public; Owner: dream71
--

SELECT pg_catalog.setval('public.users_ilkmsuser_user_permissions_id_seq', 1, false);


--
-- Name: auth_group auth_group_name_key; Type: CONSTRAINT; Schema: public; Owner: dream71
--

ALTER TABLE ONLY public.auth_group
    ADD CONSTRAINT auth_group_name_key UNIQUE (name);


--
-- Name: auth_group_permissions auth_group_permissions_group_id_permission_id_0cd325b0_uniq; Type: CONSTRAINT; Schema: public; Owner: dream71
--

ALTER TABLE ONLY public.auth_group_permissions
    ADD CONSTRAINT auth_group_permissions_group_id_permission_id_0cd325b0_uniq UNIQUE (group_id, permission_id);


--
-- Name: auth_group_permissions auth_group_permissions_pkey; Type: CONSTRAINT; Schema: public; Owner: dream71
--

ALTER TABLE ONLY public.auth_group_permissions
    ADD CONSTRAINT auth_group_permissions_pkey PRIMARY KEY (id);


--
-- Name: auth_group auth_group_pkey; Type: CONSTRAINT; Schema: public; Owner: dream71
--

ALTER TABLE ONLY public.auth_group
    ADD CONSTRAINT auth_group_pkey PRIMARY KEY (id);


--
-- Name: auth_permission auth_permission_content_type_id_codename_01ab375a_uniq; Type: CONSTRAINT; Schema: public; Owner: dream71
--

ALTER TABLE ONLY public.auth_permission
    ADD CONSTRAINT auth_permission_content_type_id_codename_01ab375a_uniq UNIQUE (content_type_id, codename);


--
-- Name: auth_permission auth_permission_pkey; Type: CONSTRAINT; Schema: public; Owner: dream71
--

ALTER TABLE ONLY public.auth_permission
    ADD CONSTRAINT auth_permission_pkey PRIMARY KEY (id);


--
-- Name: django_admin_log django_admin_log_pkey; Type: CONSTRAINT; Schema: public; Owner: dream71
--

ALTER TABLE ONLY public.django_admin_log
    ADD CONSTRAINT django_admin_log_pkey PRIMARY KEY (id);


--
-- Name: django_content_type django_content_type_app_label_model_76bd3d3b_uniq; Type: CONSTRAINT; Schema: public; Owner: dream71
--

ALTER TABLE ONLY public.django_content_type
    ADD CONSTRAINT django_content_type_app_label_model_76bd3d3b_uniq UNIQUE (app_label, model);


--
-- Name: django_content_type django_content_type_pkey; Type: CONSTRAINT; Schema: public; Owner: dream71
--

ALTER TABLE ONLY public.django_content_type
    ADD CONSTRAINT django_content_type_pkey PRIMARY KEY (id);


--
-- Name: django_migrations django_migrations_pkey; Type: CONSTRAINT; Schema: public; Owner: dream71
--

ALTER TABLE ONLY public.django_migrations
    ADD CONSTRAINT django_migrations_pkey PRIMARY KEY (id);


--
-- Name: django_session django_session_pkey; Type: CONSTRAINT; Schema: public; Owner: dream71
--

ALTER TABLE ONLY public.django_session
    ADD CONSTRAINT django_session_pkey PRIMARY KEY (session_key);


--
-- Name: users_ilkmsuser users_ilkmsuser_email_key; Type: CONSTRAINT; Schema: public; Owner: dream71
--

ALTER TABLE ONLY public.users_ilkmsuser
    ADD CONSTRAINT users_ilkmsuser_email_key UNIQUE (email);


--
-- Name: users_ilkmsuser_groups users_ilkmsuser_groups_ilkmsuser_id_group_id_64959b7e_uniq; Type: CONSTRAINT; Schema: public; Owner: dream71
--

ALTER TABLE ONLY public.users_ilkmsuser_groups
    ADD CONSTRAINT users_ilkmsuser_groups_ilkmsuser_id_group_id_64959b7e_uniq UNIQUE (ilkmsuser_id, group_id);


--
-- Name: users_ilkmsuser_groups users_ilkmsuser_groups_pkey; Type: CONSTRAINT; Schema: public; Owner: dream71
--

ALTER TABLE ONLY public.users_ilkmsuser_groups
    ADD CONSTRAINT users_ilkmsuser_groups_pkey PRIMARY KEY (id);


--
-- Name: users_ilkmsuser users_ilkmsuser_phone_number_d44b2f03_uniq; Type: CONSTRAINT; Schema: public; Owner: dream71
--

ALTER TABLE ONLY public.users_ilkmsuser
    ADD CONSTRAINT users_ilkmsuser_phone_number_d44b2f03_uniq UNIQUE (phone_number);


--
-- Name: users_ilkmsuser users_ilkmsuser_pkey; Type: CONSTRAINT; Schema: public; Owner: dream71
--

ALTER TABLE ONLY public.users_ilkmsuser
    ADD CONSTRAINT users_ilkmsuser_pkey PRIMARY KEY (id);


--
-- Name: users_ilkmsuser_user_permissions users_ilkmsuser_user_per_ilkmsuser_id_permission__20cacdc6_uniq; Type: CONSTRAINT; Schema: public; Owner: dream71
--

ALTER TABLE ONLY public.users_ilkmsuser_user_permissions
    ADD CONSTRAINT users_ilkmsuser_user_per_ilkmsuser_id_permission__20cacdc6_uniq UNIQUE (ilkmsuser_id, permission_id);


--
-- Name: users_ilkmsuser_user_permissions users_ilkmsuser_user_permissions_pkey; Type: CONSTRAINT; Schema: public; Owner: dream71
--

ALTER TABLE ONLY public.users_ilkmsuser_user_permissions
    ADD CONSTRAINT users_ilkmsuser_user_permissions_pkey PRIMARY KEY (id);


--
-- Name: auth_group_name_a6ea08ec_like; Type: INDEX; Schema: public; Owner: dream71
--

CREATE INDEX auth_group_name_a6ea08ec_like ON public.auth_group USING btree (name varchar_pattern_ops);


--
-- Name: auth_group_permissions_group_id_b120cbf9; Type: INDEX; Schema: public; Owner: dream71
--

CREATE INDEX auth_group_permissions_group_id_b120cbf9 ON public.auth_group_permissions USING btree (group_id);


--
-- Name: auth_group_permissions_permission_id_84c5c92e; Type: INDEX; Schema: public; Owner: dream71
--

CREATE INDEX auth_group_permissions_permission_id_84c5c92e ON public.auth_group_permissions USING btree (permission_id);


--
-- Name: auth_permission_content_type_id_2f476e4b; Type: INDEX; Schema: public; Owner: dream71
--

CREATE INDEX auth_permission_content_type_id_2f476e4b ON public.auth_permission USING btree (content_type_id);


--
-- Name: django_admin_log_content_type_id_c4bce8eb; Type: INDEX; Schema: public; Owner: dream71
--

CREATE INDEX django_admin_log_content_type_id_c4bce8eb ON public.django_admin_log USING btree (content_type_id);


--
-- Name: django_admin_log_user_id_c564eba6; Type: INDEX; Schema: public; Owner: dream71
--

CREATE INDEX django_admin_log_user_id_c564eba6 ON public.django_admin_log USING btree (user_id);


--
-- Name: django_session_expire_date_a5c62663; Type: INDEX; Schema: public; Owner: dream71
--

CREATE INDEX django_session_expire_date_a5c62663 ON public.django_session USING btree (expire_date);


--
-- Name: django_session_session_key_c0390e0f_like; Type: INDEX; Schema: public; Owner: dream71
--

CREATE INDEX django_session_session_key_c0390e0f_like ON public.django_session USING btree (session_key varchar_pattern_ops);


--
-- Name: users_ilkmsuser_email_b1ad3f58_like; Type: INDEX; Schema: public; Owner: dream71
--

CREATE INDEX users_ilkmsuser_email_b1ad3f58_like ON public.users_ilkmsuser USING btree (email varchar_pattern_ops);


--
-- Name: users_ilkmsuser_groups_group_id_5c835ecf; Type: INDEX; Schema: public; Owner: dream71
--

CREATE INDEX users_ilkmsuser_groups_group_id_5c835ecf ON public.users_ilkmsuser_groups USING btree (group_id);


--
-- Name: users_ilkmsuser_groups_ilkmsuser_id_4de5f5a3; Type: INDEX; Schema: public; Owner: dream71
--

CREATE INDEX users_ilkmsuser_groups_ilkmsuser_id_4de5f5a3 ON public.users_ilkmsuser_groups USING btree (ilkmsuser_id);


--
-- Name: users_ilkmsuser_phone_number_d44b2f03_like; Type: INDEX; Schema: public; Owner: dream71
--

CREATE INDEX users_ilkmsuser_phone_number_d44b2f03_like ON public.users_ilkmsuser USING btree (phone_number varchar_pattern_ops);


--
-- Name: users_ilkmsuser_user_permissions_ilkmsuser_id_0e68dc28; Type: INDEX; Schema: public; Owner: dream71
--

CREATE INDEX users_ilkmsuser_user_permissions_ilkmsuser_id_0e68dc28 ON public.users_ilkmsuser_user_permissions USING btree (ilkmsuser_id);


--
-- Name: users_ilkmsuser_user_permissions_permission_id_9d7d5014; Type: INDEX; Schema: public; Owner: dream71
--

CREATE INDEX users_ilkmsuser_user_permissions_permission_id_9d7d5014 ON public.users_ilkmsuser_user_permissions USING btree (permission_id);


--
-- Name: auth_group_permissions auth_group_permissio_permission_id_84c5c92e_fk_auth_perm; Type: FK CONSTRAINT; Schema: public; Owner: dream71
--

ALTER TABLE ONLY public.auth_group_permissions
    ADD CONSTRAINT auth_group_permissio_permission_id_84c5c92e_fk_auth_perm FOREIGN KEY (permission_id) REFERENCES public.auth_permission(id) DEFERRABLE INITIALLY DEFERRED;


--
-- Name: auth_group_permissions auth_group_permissions_group_id_b120cbf9_fk_auth_group_id; Type: FK CONSTRAINT; Schema: public; Owner: dream71
--

ALTER TABLE ONLY public.auth_group_permissions
    ADD CONSTRAINT auth_group_permissions_group_id_b120cbf9_fk_auth_group_id FOREIGN KEY (group_id) REFERENCES public.auth_group(id) DEFERRABLE INITIALLY DEFERRED;


--
-- Name: auth_permission auth_permission_content_type_id_2f476e4b_fk_django_co; Type: FK CONSTRAINT; Schema: public; Owner: dream71
--

ALTER TABLE ONLY public.auth_permission
    ADD CONSTRAINT auth_permission_content_type_id_2f476e4b_fk_django_co FOREIGN KEY (content_type_id) REFERENCES public.django_content_type(id) DEFERRABLE INITIALLY DEFERRED;


--
-- Name: django_admin_log django_admin_log_content_type_id_c4bce8eb_fk_django_co; Type: FK CONSTRAINT; Schema: public; Owner: dream71
--

ALTER TABLE ONLY public.django_admin_log
    ADD CONSTRAINT django_admin_log_content_type_id_c4bce8eb_fk_django_co FOREIGN KEY (content_type_id) REFERENCES public.django_content_type(id) DEFERRABLE INITIALLY DEFERRED;


--
-- Name: django_admin_log django_admin_log_user_id_c564eba6_fk_users_ilkmsuser_id; Type: FK CONSTRAINT; Schema: public; Owner: dream71
--

ALTER TABLE ONLY public.django_admin_log
    ADD CONSTRAINT django_admin_log_user_id_c564eba6_fk_users_ilkmsuser_id FOREIGN KEY (user_id) REFERENCES public.users_ilkmsuser(id) DEFERRABLE INITIALLY DEFERRED;


--
-- Name: users_ilkmsuser_groups users_ilkmsuser_grou_ilkmsuser_id_4de5f5a3_fk_users_ilk; Type: FK CONSTRAINT; Schema: public; Owner: dream71
--

ALTER TABLE ONLY public.users_ilkmsuser_groups
    ADD CONSTRAINT users_ilkmsuser_grou_ilkmsuser_id_4de5f5a3_fk_users_ilk FOREIGN KEY (ilkmsuser_id) REFERENCES public.users_ilkmsuser(id) DEFERRABLE INITIALLY DEFERRED;


--
-- Name: users_ilkmsuser_groups users_ilkmsuser_groups_group_id_5c835ecf_fk_auth_group_id; Type: FK CONSTRAINT; Schema: public; Owner: dream71
--

ALTER TABLE ONLY public.users_ilkmsuser_groups
    ADD CONSTRAINT users_ilkmsuser_groups_group_id_5c835ecf_fk_auth_group_id FOREIGN KEY (group_id) REFERENCES public.auth_group(id) DEFERRABLE INITIALLY DEFERRED;


--
-- Name: users_ilkmsuser_user_permissions users_ilkmsuser_user_ilkmsuser_id_0e68dc28_fk_users_ilk; Type: FK CONSTRAINT; Schema: public; Owner: dream71
--

ALTER TABLE ONLY public.users_ilkmsuser_user_permissions
    ADD CONSTRAINT users_ilkmsuser_user_ilkmsuser_id_0e68dc28_fk_users_ilk FOREIGN KEY (ilkmsuser_id) REFERENCES public.users_ilkmsuser(id) DEFERRABLE INITIALLY DEFERRED;


--
-- Name: users_ilkmsuser_user_permissions users_ilkmsuser_user_permission_id_9d7d5014_fk_auth_perm; Type: FK CONSTRAINT; Schema: public; Owner: dream71
--

ALTER TABLE ONLY public.users_ilkmsuser_user_permissions
    ADD CONSTRAINT users_ilkmsuser_user_permission_id_9d7d5014_fk_auth_perm FOREIGN KEY (permission_id) REFERENCES public.auth_permission(id) DEFERRABLE INITIALLY DEFERRED;


--
-- PostgreSQL database dump complete
--

